admin_id,username,password,email,created_at,last_login,is_active
300d5c6e-c35f-4b1e-afb6-92fcb18c13cd,derrick85,*u#5IfoQJ11m,ernestwatts@example.com,2024-04-02 09:48:14,2023-10-09 02:54:39,True
25df5c54-73c2-4b7a-89cd-10700dae60bf,wvasquez,4QQwQCfK_J!q,rodriguezjames@example.net,2023-08-27 14:38:27,2023-11-23 19:01:52,True
460b5c49-63f8-4c0d-be26-dcc1b6e8f919,jamessnyder,S8aTKUg5+jU9,christian57@example.org,2023-08-24 20:18:47,2023-07-10 15:46:17,True
a0248a23-69b1-4eea-8d33-ca67096d8a75,hernandezjohn,Q$2gPfJf$rpN,patricia61@example.com,2023-11-18 11:05:08,2023-08-24 19:03:10,False
24bf0d01-db12-4e27-ad1d-efb6cd4f4ffa,hicksjustin,b1!e8w4i^tBI,gregorycarter@example.net,2024-03-13 19:42:35,2024-01-04 14:10:35,False
a0a5bffc-6633-4fe7-8f2f-d65803a51977,ogarcia,hOs7hWxi^*p!,faulknerrachel@example.org,2024-04-04 07:53:42,2024-01-04 03:59:16,True
ddd0298d-fcd9-481f-97d3-9f0a926590ea,jonjackson,^S@ZTtv0ZG5&,william87@example.com,2024-03-27 09:45:37,2023-08-02 00:07:12,False
aac560f5-410e-4142-8cfa-6f0e4a13850c,walterpierce,eLbWIlfLx(0*,ewong@example.net,2024-05-06 05:26:55,2023-09-18 08:47:37,False
4cde6ffc-f694-4e9d-b0e8-580534e9b471,jerry33,4_e(OMTvx(S7,robertjohnson@example.com,2023-10-04 23:32:16,2023-10-10 14:50:05,False
767adeaa-1dc7-4617-9605-a1c28860b858,gregoryarellano,$1ZVIBdp_s#p,patricia96@example.net,2023-07-20 18:43:42,2023-07-07 10:11:08,True
52fabd2e-c789-4b9a-8899-dbe1ef71fb78,jimmyjones,1v4uyMhyn_1P,flowersmelissa@example.org,2023-12-24 05:15:52,2024-02-09 21:43:55,False
638254aa-a9f0-425a-92fb-6068bbc324cf,gregory27,@76^kouUb1eY,evelyn58@example.net,2023-08-24 14:51:38,2023-07-08 16:12:09,True
b179f772-6c89-4ce5-9b31-739562603bf2,stephenslaura,E!))tvhzx1HV,candace75@example.org,2024-02-21 16:42:40,2023-11-13 13:19:38,False
28553f3b-ca1d-4c3a-8a65-7082815a0a00,weaverchristie,TFWZwoVmh&08,stephanie42@example.org,2023-12-31 09:09:13,2023-10-28 07:54:19,True
e573f361-5865-4eca-8742-33772d5d9ac8,sparker,B9kM4VTnl&7U,kelly95@example.com,2023-07-29 17:52:50,2024-01-01 07:01:56,False
d1cad4f0-125b-4943-bc30-a7302c23aab0,kevin79,4sJjwO!L_qAE,garciarandy@example.org,2023-10-11 09:05:25,2024-04-13 04:52:52,True
7172d206-8b60-49dc-8a72-54bdfac507c7,jlynch,kUGUbBzfUT7*,josephmiller@example.net,2024-02-24 00:48:15,2023-12-25 12:06:17,False
2481d15b-347d-4a8c-88bd-1035f44f4bf4,robertogeorge,$b8qWCou_6*N,michaelbush@example.net,2023-10-12 03:52:56,2024-05-27 10:13:53,True
53fa3336-a079-4c7e-ba51-1d49786d34e3,dawnrussell,2sA9SOk)_2O5,thomassmith@example.com,2024-03-15 06:18:17,2023-10-11 07:12:40,False
28b84d0f-6190-4a69-9534-62fbd461d71b,hinesjohn,zzGX3Bux0&fb,sandrafriedman@example.com,2023-12-30 21:01:50,2024-04-23 09:43:02,False
f76b2e4f-cffc-4ba3-827b-dd4293d181f0,randyperry,SQ^J1Ket)iP^,jcarter@example.org,2023-06-18 13:01:24,2023-07-03 02:12:19,False
43ecc4d9-3157-4cfe-82e3-562dfff8d92c,michelle12,T_dBpZHzH30&,donald87@example.org,2024-04-27 08:50:03,2023-06-26 08:14:20,False
6a393fd5-e24f-4ef2-9a9d-72b8e7b78e81,clarkdaniel,X7)Mc06P)1sA,dustin18@example.com,2023-10-03 04:32:04,2024-01-21 15:19:38,True
44c34d2f-1ae5-4560-9ee6-5d1c7f818cc6,allen70,V1u7v52x)FAM,ocarlson@example.org,2024-02-26 11:43:05,2023-07-24 17:30:59,True
8f73db08-1af4-4274-a7e6-c02acc3ce3cb,matthew74,(+wGci74Dm5m,tiffany70@example.com,2024-01-19 17:12:59,2024-01-07 13:19:06,True
af88f71f-a758-4af8-b070-9c2f2b9c3766,gheath,zUwvBkpK3_G4,zacharywilliamson@example.net,2023-10-29 14:14:08,2024-01-15 03:32:01,False
a7a54fde-9243-4dd0-964b-912c0cda6d98,parrishlee,+wW*5ZjQI4fA,ronaldsimpson@example.org,2023-08-08 14:54:51,2023-09-10 15:23:04,True
8fd439f6-bd69-46ec-8f59-97e51024502b,clarkmichael,!QNaA3jkOJ6L,phillip43@example.net,2023-11-11 07:32:23,2024-04-01 09:50:52,False
0f768868-3430-40f2-b3af-22b67b79f3e3,smithkatrina,_19WW6gQYhH0,crystal76@example.com,2024-02-18 13:46:24,2023-09-02 15:57:14,False
b8e73aeb-62b2-44f0-9553-78cdca6f88ac,dylan23,+5&5yQdH9VEW,shirley21@example.com,2023-07-05 02:28:04,2023-09-11 23:26:31,True
6e696321-c79c-40fb-995d-14166424624f,hartjacob,KGyN1Cts%8Wd,angela79@example.org,2023-07-17 21:27:12,2023-11-04 21:20:41,True
9f9ca34e-b312-4cfa-87cf-7ab976a61a1c,kennedyvictoria,#0qw^DqNvQlP,okent@example.com,2023-10-04 16:00:34,2023-06-25 14:12:02,True
c547945b-63ae-44bb-9d1b-115d82d9757b,paula32,O(aK0Usp1tWo,tcline@example.net,2023-06-16 20:08:55,2023-07-29 15:01:23,True
7b426b50-68fc-4586-b738-4f5c473a308f,kbell,+TniRjQsV6IX,turnermichael@example.com,2023-08-01 09:04:19,2024-04-14 09:34:16,True
98f2d08c-22c3-4e6f-8dad-90b98e6ecfc3,stephanieortiz,ndUGwmt+^7sW,lkirby@example.net,2024-02-24 12:26:16,2023-06-28 05:35:57,False
c59ef063-1190-4f7f-b0fa-329735901917,aroberts,&6B4GFqs$(R+,meghanrodriguez@example.org,2023-08-28 11:43:51,2024-04-06 21:38:26,True
a05ce450-db51-4b3f-866a-bce8c9620aee,rebecca13,PH^+GYtOh7vV,aliciadixon@example.org,2023-09-04 03:00:28,2023-08-12 13:45:59,False
dd007ac3-68a7-437a-b877-d2924f4c415c,nicholsricardo,b)7yD$@b+xuX,sararoman@example.com,2023-08-24 20:29:53,2023-06-22 13:25:42,False
64e94901-6582-41fe-b4d2-f7e60a2c0e60,egomez,yR+t+xHT!2L_,zcampbell@example.net,2024-03-11 12:23:20,2024-01-17 00:21:05,False
a86f202e-ff97-4e20-b85f-88e88115626e,williamssamantha,k(Ozr8QioumN,kimberlycosta@example.net,2024-04-10 04:13:05,2023-08-03 16:19:01,False
3446a891-50be-4d31-a884-2b2b7de2581a,bryankhan,Bv6Y@gpgb*8T,vsmith@example.org,2024-04-14 00:19:42,2023-09-28 13:00:03,False
4e892e40-0f2d-4fa0-8be3-04efdbc93ef4,christopher63,(n0tBlZ@z4Db,luis71@example.org,2023-08-16 01:04:48,2023-06-20 07:20:32,False
fb4fefd4-6c71-4d2c-9638-4dc373533ebc,andreasmith,8bTHDZA8$4@q,johnroberson@example.org,2023-09-09 09:22:22,2024-05-13 09:50:21,True
7a5abc53-3113-49ee-814b-d0c0657211f3,laneamanda,#RuVD$)Hc7!Q,natashahill@example.com,2023-09-07 06:36:45,2023-09-30 23:12:39,True
f7f0d7ef-7dee-402e-a808-1caf99b4a79a,acollins,QveJayJ1)w3E,christiangonzales@example.com,2023-06-27 22:56:34,2024-03-03 05:27:09,True
4ce981a9-66a3-4f91-a1f4-ac32715e921c,vjohnson,+5lSdN@+&kI3,charles02@example.com,2023-11-18 02:17:24,2023-12-11 11:35:03,False
ef630139-4f63-4384-8d05-3622bb6f703a,noah04,N5Qzaj9j!8L_,wareashley@example.org,2023-07-21 20:30:31,2023-10-22 01:56:25,False
5f5be64e-1cf3-47f5-affd-e1628f9ea3f8,gary02,!tj6NnP5+5lC,onicholson@example.net,2023-08-28 21:18:58,2024-06-05 05:27:04,False
227e4dc1-5f60-4213-b22a-9bebe7d01f2a,peggy81,#x*Hlnnx57IP,joneschristina@example.org,2024-02-05 08:52:40,2023-11-11 20:58:47,False
a8417cc9-46cf-4e73-be76-fdc81308b821,jameswatkins,6bhgJXskD#92,lfrye@example.com,2023-06-29 16:23:36,2024-03-23 15:28:41,False
